"Sr. No.","State","Hon'ble Members of Parliament","Elected/Nominated","Allocated AMOUNT ( ₹ )"
"1","Maharashtra","AASHTIKAR PATIL NAGESH BAPURAO (2024-2029)","Elected MP","190289442"
"2","Jammu And Kashmir","ABDUL RASHID SHEIKH (2024-2029)","Elected MP","154773472.11"
"3","Bihar","ABHAY KUMAR SINHA (2024-2029)","Elected MP","147000000"
"4","West Bengal","ABHIJIT GANGOPADHYAY (2024-2029)","Elected MP","147000000"
"5","West Bengal","Abu Taher Khan (2024-2029)","Elected MP","147000000"
"6","West Bengal","ADHIKARI SOUMENDU (2024-2029)","Elected MP","147000000"
"7","Uttar Pradesh","ADITYA YADAV (2024-2029)","Elected MP","147000000"
"8","Kerala","Adv Adoor Prakash  (2024-2029)","Elected MP","147000000"
"9","Kerala","Adv Dean Kuriakose (2024-2029)","Elected MP","147000000"
"10","Maharashtra","ADV GOWAAL KAGADA PADAVI (2024-2029)","Elected MP","147816309.11"
"11","Kerala","ADV K FRANCIS GEORGE (2024-2029)","Elected MP","188722256.11"
"12","Uttar Pradesh","AFZAL ANSARI (2024-2029)","Elected MP","220500000"
"13","Jammu And Kashmir","AGA SYED RUHULLAH MEHDI (2024-2029)","Elected MP","147000000"
"14","Uttarakhand","Ajay Bhatt (2024-2029)","Elected MP","147000000"
"15","Bihar","Ajay Kumar Mandal (2024-2029)","Elected MP","147000000"
"16","Uttarakhand","Ajay Tamta (2024-2029)","Elected MP","147000000"
"17","Uttar Pradesh","AJENDRA SINGH LODHI (2024-2029)","Elected MP","147000000"
"18","Uttar Pradesh","AKHILESH YADAV (2024-2029)","Elected MP","147000000"
"19","Uttar Pradesh","AKSHAYA YADAV (2024-2029)","Elected MP","147000000"
"20","Manipur","ALFRED KANNGAM S ARTHUR (2024-2029)","Elected MP","147000000"
"21","Bihar","Alok Kumar Suman (2024-2029)","Elected MP","147000000"
"22","Madhya Pradesh","ALOK SHARMA (2024-2029)","Elected MP","147000000"
"23","Maharashtra","AMAR SHARADRAO KALE (2024-2029)","Elected MP","147000000"
"24","Assam","AMARSING TISSO (2024-2029)","Elected MP","147000000"
"25","Andhra Pradesh","AMBICA G LAKSHMINARAYANA VALMIKI (2024-2029)","Elected MP","201899064.11"
"26","Maharashtra","Amol Ramsing Kolhe (2024-2029)","Elected MP","147000000"
"27","Rajasthan","AMRARAM (2024-2029)","Elected MP","165691544.11"
"28","Punjab","AMRINDER SINGH RAJA WARRING (2024-2029)","Elected MP","147000000"
"29","Uttar Pradesh","ANAND BHADAURIYA (2024-2029)","Elected MP","147000000"
"30","Uttar Pradesh","ANAND KUMAR (2024-2029)","Elected MP","147000000"
"31","Odisha","ANANTA NAYAK (2024-2029)","Elected MP","147000000"
"32","Tamil Nadu","Andimuthu Raja (2024-2029)","Elected MP","147000000"
"33","Meghalaya","ANDREW J. SYNGKON (2024-2029)","Elected MP","98000000"
"34","Manipur","ANGOMCHA BIMOL AKOIJAM (2024-2029)","Elected MP","147000000"
"35","Uttarakhand","ANIL BALUNI (2024-2029)","Elected MP","147000000"
"36","Maharashtra","ANIL YESHWANT DESAI (2024-2029)","Elected MP","147000000"
"37","Madhya Pradesh","ANITA NAGARSINGH CHOUHAN (2024-2029)","Elected MP","147000000"
"38","Odisha","ANITA SUBHADARSHINI (2024-2029)","Elected MP","147000000"
"39","Jharkhand","Annpurna Devi  (2024-2029)","Elected MP","166665931.8"
"40","Uttar Pradesh","ANOOP PRADHAN BALMIKI (2024-2029)","Elected MP","147000000"
"41","Kerala","Anto Antony (2024-2029)","Elected MP","147000000"
"42","Maharashtra","ANUP SANJAY DHOTRE (2024-2029)","Elected MP","147000000"
"43","Uttar Pradesh","Anurag Sharma  (2024-2029)","Elected MP","147000000"
"44","Himachal Pradesh","Anurag Singh Thakur (2024-2029)","Elected MP","149570117.11"
"45","Andhra Pradesh","Appalanaidu Kalisetti (2024-2029)","Elected MP","147000000"
"46","Bihar","ARUN BHARTI (2024-2029)","Elected MP","194924621.11"
"47","Uttar Pradesh","ARUN GOVIL (2024-2029)","Elected MP","147000000"
"48","Tamil Nadu","ARUN NEHRU (2024-2029)","Elected MP","147000000"
"49","Telangana","ARUNA. D. K (2024-2029)","Elected MP","147000000"
"50","West Bengal","ARUP CHAKRABORTY (2024-2029)","Elected MP","147000000"
"51","Telangana","Arvind Dharmapuri (2024-2029)","Elected MP","281396355.11"
"52","Maharashtra","Arvind Ganpat Sawant (2024-2029)","Elected MP","147000000"
"53","Telangana","Asaduddin Owaisi (2024-2029)","Elected MP","147000000"
"54","Madhya Pradesh","ASHISH DUBEY (2024-2029)","Elected MP","147000000"
"55","Uttar Pradesh","Ashok Kumar Rawat (2024-2029)","Elected MP","147000000"
"56","Bihar","Ashok Kumar Yadav  (2024-2029)","Elected MP","147000000"
"57","West Bengal","Asit Kumar Mal  (2024-2029)","Elected MP","275694456.74"
"58","Uttar Pradesh","ATUL GARG (2024-2029)","Elected MP","155336470"
"59","Odisha","AVIMANYU SETHI (2024-2029)","Elected MP","147000000"
"60","Uttar Pradesh","AWADHESH PRASAD (2024-2029)","Elected MP","147000000"
"61","West Bengal","AZAD KIRTI JHA (2024-2029)","Elected MP","179658399.98"
"62","Andhra Pradesh","B K PARTHASARATHI (2024-2029)","Elected MP","160491894.11"
"63","Uttar Pradesh","BABU SINGH KUSHWAHA (2024-2029)","Elected MP","147000000"
"64","Maharashtra","BACHHAV SHOBHA DINESH (2024-2029)","Elected MP","147000000"
"65","West Bengal","BAG MITALI (2024-2029)","Elected MP","147000000"
"66","Odisha","BAIJAYANT PANDA (2024-2029)","Elected MP","147000000"
"67","Maharashtra","BAJRANG MANOHAR SONWANE (2024-2029)","Elected MP","165899107.19"
"68","Odisha","BALABHADRA MAJHI (2024-2029)","Elected MP","147413962.11"
"69","Andhra Pradesh","Balashowry Vallabbhaneni (2024-2029)","Elected MP","147000000"
"70","Telangana","BALRAM NAIK PORIKA (2024-2029)","Elected MP","147000000"
"71","Maharashtra","BALWANT BASWANT WANKHADE (2024-2029)","Elected MP","198293678"
"72","Maharashtra","BALYA MAMA SURESH GOPINATH MHATRE (2024-2029)","Elected MP","147000000"
"73","Delhi","Bansuri Swaraj (2024-2029)","Elected MP","154306950"
"74","West Bengal","BAPI HALDAR (2024-2029)","Elected MP","147000000"
"75","Karnataka","BASAVARAJ BOMMAI (2024-2029)","Elected MP","147000000"
"76","Andhra Pradesh","BASTIPATI NAGARAJU PANCHALINGALA (2024-2029)","Elected MP","159998515.11"
"77","Rajasthan","Bhagirath Chaudhary (2024-2029)","Elected MP","147000000"
"78","Rajasthan","BHAJAN LAL JATAV (2024-2029)","Elected MP","147000000"
"79","Madhya Pradesh","BHARAT SINGH KUSHWAH (2024-2029)","Elected MP","151455276.04"
"80","Gujarat","BHARATBHAI MANUBHAI SUTARIYA (2024-2029)","Elected MP","147000000"
"81","Gujarat","Bharatsinhji Shankarji Dabhi (2024-2029)","Elected MP","147000000"
"82","Madhya Pradesh","BHARTI PARDHI (2024-2029)","Elected MP","154398389.01"
"83","Maharashtra","BHASKAR MURLIDHAR BHAGARE (2024-2029)","Elected MP","147000000"
"84","Maharashtra","BHAUSAHEB RAJARAM WAKCHAURE (2024-2029)","Elected MP","147000000"
"85","Chhattisgarh","BHOJRAJ NAG (2024-2029)","Elected MP","164672734.11"
"86","Uttar Pradesh","Bhola Singh (2024-2029)","Elected MP","147000000"
"87","Maharashtra","BHUMARE SANDIPANRAO ASARAM (2024-2029)","Elected MP","147000000"
"88","Andhra Pradesh","Bhupathiraju Srinivasa varma (2024-2029)","Elected MP","147000000"
"89","Rajasthan","BHUPENDER YADAV (2024-2029)","Elected MP","147000000"
"90","Odisha","BIBHU PRASAD TARAI (2024-2029)","Elected MP","147000000"
"91","Jharkhand","Bidyut Baran Mahato (2024-2029)","Elected MP","147000000"
"92","Assam","BIJULI KALITA MEDHI (2024-2029)","Elected MP","147000000"
"93","Tripura","BIPLAB KUMAR DEB (2024-2029)","Elected MP","147000000"
"94","Andaman And Nicobar Islands","BISHNU PADA RAY (2024-2029)","Elected MP","147000000"
"95","Rajasthan","BRIJENDRA SINGH OLA (2024-2029)","Elected MP","147000000"
"96","Chhattisgarh","BRIJMOHAN AGRAWAL (2024-2029)","Elected MP","153766451.11"
"97","Madhya Pradesh","BUNTY VIVEK SAHU (2024-2029)","Elected MP","147000000"
"98","Gujarat","C R Patil (2024-2029)","Elected MP","158532494.36"
"99","Andhra Pradesh","C.M.RAMESH (2024-2029)","Elected MP","202531656.11"
"100","Karnataka","CAPTAIN BRIJESH CHOWTA (2024-2029)","Elected MP","147000000"
"101","Goa","CAPTAIN VIRIATO FERNANDES (2024-2029)","Elected MP","147000000"
"102","Telangana","CHAMALA KIRAN KUMAR REDDY (2024-2029)","Elected MP","147000000"
"103","Uttar Pradesh","CHANDAN CHAUHAN (2024-2029)","Elected MP","147000000"
"104","Rajasthan","Chandra Prakash Joshi (2024-2029)","Elected MP","147000000"
"105","Uttar Pradesh","CHANDRA SHEKHAR (2024-2029)","Elected MP","147000000"
"106","Gujarat","CHANDUBHAI CHHAGANBHAI SHIHORA (2024-2029)","Elected MP","147000000"
"107","Punjab","CHARANJIT SINGH CHANNI (2024-2029)","Elected MP","147000000"
"108","Maharashtra","CHAVAN VASANTRAO BALWANTRAO (2024-2024)","Elected MP",""
"109","Uttar Pradesh","CHHATRA PAL SINGH GANGWAR (2024-2029)","Elected MP","147000000"
"110","Maharashtra","CHHATRAPATI SHAHU SHAHAJI (2024-2029)","Elected MP","147000000"
"111","Uttar Pradesh","CHHOTELAL (2024-2029)","Elected MP","147000000"
"112","Chhattisgarh","CHINTAMANI MAHARAJ (2024-2029)","Elected MP","147000000"
"113","Bihar","CHIRAG PASWAN (2024-2029)","Elected MP","147000000"
"114","Tamil Nadu","CN Annadurai (2024-2029)","Elected MP","148579509.11"
"115","Tamil Nadu","D M Kathir Anand (2024-2029)","Elected MP","160196941.11"
"116","Tamil Nadu","D Ravikumar  (2024-2029)","Elected MP","197598306.11"
"117","Andhra Pradesh","Daggubati Purandeshwari (2024-2029)","Elected MP","147000000"
"118","Andhra Pradesh","DAGGUMALLA PRASADA RAO (2024-2029)","Elected MP","147000000"
"119","Rajasthan","DAMODAR AGARWAL (2024-2029)","Elected MP","147000000"
"120","Uttar Pradesh","DAROGA PRASAD SAROJ (2024-2029)","Elected MP","147000000"
"121","Madhya Pradesh","DARSHAN SINGH CHOUDHARY (2024-2029)","Elected MP","147000000"
"122","Haryana","DEEPENDER SINGH HOODA (2024-2029)","Elected MP","147000000"
"123","Uttar Pradesh","Devendra Alias Bhole Singh (2024-2029)","Elected MP","147000000"
"124","Bihar","DEVESH CHANDRA THAKUR (2024-2029)","Elected MP","163809205.11"
"125","Uttar Pradesh","DEVESH SHAKYA (2024-2029)","Elected MP","147000000"
"126","Gujarat","Devusinh Jesingbhai Chauhan (2024-2029)","Elected MP","147000000"
"127","Maharashtra","Dhairyasheel Sambhajirao Mane (2024-2029)","Elected MP","147000000"
"128","Maharashtra","DHANORKAR PRATIBHA SURESH ALIAS BALUBHAU (2024-2029)","Elected MP","147000000"
"129","Odisha","DHARMENDRA PRADHAN (2024-2029)","Elected MP","147000000"
"130","Uttar Pradesh","DHARMENDRA YADAV (2024-2029)","Elected MP","147000000"
"131","Gujarat","DHAVAL LAXMANBHAI PATEL (2024-2029)","Elected MP","147000000"
"132","Bihar","Dileshwar Kamait  (2024-2029)","Elected MP","150450930.89"
"133","Assam","Dilip Saikia (2024-2029)","Elected MP","147000000"
"134","Bihar","Dinesh Chandra Yadav (2024-2029)","Elected MP","150070866.11"
"135","Gujarat","DINESHBHAI MAKWANA (2024-2029)","Elected MP","160434965.11"
"136","Andhra Pradesh","DR BYREDDY SHABARI (2024-2029)","Elected MP","150675889.11"
"137","Karnataka","DR C N MANJUNATH (2024-2029)","Elected MP","147000000"
"138","Andhra Pradesh","Dr Chandra Sekhar Pemmasani (2024-2029)","Elected MP","159774113.11"
"139","Punjab","DR DHARAMVIRA GANDHI (2024-2029)","Elected MP","147000000"
"140","West Bengal","Dr Jayanta Kumar Roy (2024-2029)","Elected MP","147000000"
"141","Maharashtra","DR KALGE SHIVAJI BANDAPPA (2024-2029)","Elected MP","147000000"
"142","Bihar","Dr Mohammad Jawed (2024-2029)","Elected MP","148669229.11"
"143","Uttar Pradesh","DR RAJKUMAR SANGWAN (2024-2029)","Elected MP","147000000"
"144","Tamil Nadu","DR RANI SRI KUMAR (2024-2029)","Elected MP","153060922.82"
"145","Kerala","Dr Shashi Tharoor (2024-2029)","Elected MP","147000000"
"146","West Bengal","Dr Sukanta Majumdar  (2024-2029)","Elected MP","157085364.9"
"147","Gujarat","DR. HEMANG JOSHI (2024-2029)","Elected MP","147000000"
"148","Maharashtra","DR. HEMANT VISHNU SAVARA (2024-2029)","Elected MP","147000000"
"149","Maharashtra","DR. KIRSAN NAMDEO (2024-2029)","Elected MP","147000000"
"150","Madhya Pradesh","DR. LATA WANKHEDE (2024-2029)","Elected MP","147000000"
"151","Kerala","DR. M.P ABDUSSAMAD SAMADANI (2024-2029)","Elected MP","170434031.11"
"152","Gujarat","DR. MANSUKH MANDAVIYA (2024-2029)","Elected MP","147000000"
"153","Karnataka","DR. PRABHA MALLIKARJUN (2024-2029)","Elected MP","150232324"
"154","Odisha","DR. PRADEEP KUMAR PANIGRAHY (2024-2029)","Elected MP","147000000"
"155","Maharashtra","DR. PRASHANT YADAORAO PADOLE (2024-2029)","Elected MP","159680283.39"
"156","Punjab","DR. RAJ KUMAR CHABBEWAL (2024-2029)","Elected MP","147000000"
"157","Madhya Pradesh","DR. RAJESH MISHRA (2024-2029)","Elected MP","262724510.35"
"158","Uttar Pradesh","DR. S P SINGH (2024-2029)","Elected MP","147000000"
"159","West Bengal","DR. SHARMILA SARKAR (2024-2029)","Elected MP","147000000"
"160","Karnataka","DR.K.SUDHAKAR (2024-2029)","Elected MP","147083957.11"
"161","Telangana","DR.MALLU RAVI (2024-2029)","Elected MP","147000000"
"162","Jharkhand","DULU MAHATO (2024-2029)","Elected MP","147000000"
"163","Tamil Nadu","DURAI VAIKO (2024-2029)","Elected MP","147000000"
"164","Madhya Pradesh","Durga Das Uikey  (2024-2029)","Elected MP","151569502.91"
"165","Rajasthan","Dushyant Singh (2024-2029)","Elected MP","147000000"
"166","Karnataka","E. TUKARAM (2024-2029)","Elected MP","147000000"
"167","Kerala","E.T. MOHAMMED BASHEER (2024-2029)","Elected MP","163895872.11"
"168","Telangana","EATALA RAJENDER (2024-2029)","Elected MP","327477390.86"
"169","Tamil Nadu","ESWARASAMY K (2024-2029)","Elected MP","162315106.11"
"170","Madhya Pradesh","Faggan Singh Kulaste (2024-2029)","Elected MP","151861648.41"
"171","Karnataka","G. KUMAR NAIK (2024-2029)","Elected MP","147000000"
"172","Maharashtra","GAIKWAD VARSHA EKNATH (2024-2029)","Elected MP","147000000"
"173","Madhya Pradesh","Gajendra Singh Patel (2024-2029)","Elected MP","147000000"
"174","Rajasthan","Gajendra Singh Shekhawat (2024-2029)","Elected MP","147000000"
"175","Tamil Nadu","GANAPATHY RAJKUMAR P (2024-2029)","Elected MP","147370490.11"
"176","Tamil Nadu","Ganesan Selvam (2024-2029)","Elected MP","186508749.11"
"177","Madhya Pradesh","Ganesh Singh (2024-2029)","Elected MP","147000000"
"178","Assam","GAURAV GOGOI (2024-2029)","Elected MP","147000000"
"179","Gujarat","GENIBEN NAGAJI THAKOR (2024-2029)","Elected MP","147000000"
"180","Bihar","Giridhari Yadav (2024-2029)","Elected MP","147000000"
"181","Bihar","Giriraj Singh (2024-2029)","Elected MP","147000000"
"182","Andhra Pradesh","GM Harish Balayogi (2024-2029)","Elected MP","147000000"
"183","Telangana","GODAM NAGESH (2024-2029)","Elected MP","147000000"
"184","Tamil Nadu","GOPINATH K (2024-2029)","Elected MP","147000000"
"185","Karnataka","GOVIND MAKTHAPPA KARJOL (2024-2029)","Elected MP","147000000"
"186","Andhra Pradesh","Gumma Thanuja Rani (2024-2029)","Elected MP","149458905.11"
"187","Punjab","GURMEET SINGH MEET HAYER (2024-2029)","Elected MP","147000000"
"188","Madhya Pradesh","Gyaneshwar Patil (2024-2029)","Elected MP","155690684.77"
"189","Karnataka","H.D. KUMARASWAMY (2024-2029)","Elected MP","147000000"
"190","Uttar Pradesh","HARENDRA SINGH MALIK (2024-2029)","Elected MP","147000000"
"191","Gujarat","HARIBHAI PATEL (2024-2029)","Elected MP","147000000"
"192","Rajasthan","HARISH CHANDRA MEENA (2024-2029)","Elected MP","147000000"
"193","Delhi","Harsh Malhotra (2024-2029)","Elected MP","147134131"
"194","Gujarat","Hasmukh Bhai Soma Bhai Patel (2024-2029)","Elected MP","147000000"
"195","Uttar Pradesh","IMRAN MASOOD (2024-2029)","Elected MP","147000000"
"196","Sikkim","Indra Hang Subba (2024-2029)","Elected MP","152003923.11"
"197","Uttar Pradesh","IQRA CHOUDHARY (2024-2029)","Elected MP","147000000"
"198","West Bengal","ISHA KHAN CHOUDHURY (2024-2029)","Elected MP","147000000"
"199","West Bengal","JAGADISH CHANDRA BARMA BASUNIA (2024-2029)","Elected MP","168604641.11"
"200","Karnataka","JAGADISH SHETTAR (2024-2029)","Elected MP","147000000"
"201","West Bengal","Jagannath Sarkar (2024-2029)","Elected MP","147000000"
"202","Uttar Pradesh","Jagdambika Pal (2024-2029)","Elected MP","160643957.11"
"203","Haryana","JAI PARKASH (2024-2029)","Elected MP","147000000"
"204","Uttar Pradesh","Jai Prakash (2024-2029)","Elected MP","147000000"
"205","Madhya Pradesh","Janardan Mishra (2024-2029)","Elected MP","147000000"
"206","Gujarat","JASHUBHAI BHILUBHAI RATHVA (2024-2029)","Elected MP","147000000"
"207","Gujarat","Jaswantsinh Sumanbhai Bhabhor (2024-2029)","Elected MP","147000000"
"208","Bihar","JITAN RAM MANJHI (2024-2029)","Elected MP","147000000"
"209","Uttar Pradesh","JITENDRA KUMAR DOHARE (2024-2029)","Elected MP","188747306.26"
"210","Jammu And Kashmir","Jitendra Singh (2024-2029)","Elected MP","147000000"
"211","Uttar Pradesh","JITIN PRASADA (2024-2029)","Elected MP","147000000"
"212","Jharkhand","JOBA MAJHI (2024-2029)","Elected MP","147000000"
"213","Assam","JOYANTA BASUMATARY (2024-2029)","Elected MP","147000000"
"214","West Bengal","JUNE MALIAH (2024-2029)","Elected MP","147000000"
"215","Madhya Pradesh","JYOTIRADITYA M. SCINDIA (2024-2029)","Elected MP","147000000"
"216","Chhattisgarh","Jyotsna Charandas Mahant  (2024-2029)","Elected MP","155153738.11"
"217","Tamil Nadu","K E PRAKASH (2024-2029)","Elected MP","147000000"
"218","Kerala","K RADHAKRISHNAN (2024-2029)","Elected MP","147000000"
"219","Tamil Nadu","K Subbarayan (2024-2029)","Elected MP","147000000"
"220","Kerala","K. C VENUGOPAL (2024-2029)","Elected MP","147000000"
"221","Karnataka","K. RAJASHEKAR BASAVARAJ HITNAL (2024-2029)","Elected MP","147000000"
"222","Telangana","KADIYAM KAVYA (2024-2029)","Elected MP","147000000"
"223","West Bengal","Kakoli Ghosh Dastidar  (2024-2029)","Elected MP","147000000"
"224","The Dadra And Nagar Haveli And Daman And Diu","Kalaben Mohanbhai Delkar (2024-2029)","Elected MP","269500000"
"225","Tamil Nadu","Kalanidhi Veeraswamy (2024-2029)","Elected MP","171500000"
"226","Jharkhand","KALI CHARAN MUNDA (2024-2029)","Elected MP","147000000"
"227","Jharkhand","KALI CHARAN SINGH (2024-2029)","Elected MP","147000000"
"228","West Bengal","KALIPADA SAREN (2024-2029)","Elected MP","147000000"
"229","West Bengal","Kalyan Banerjee (2024-2029)","Elected MP","147000000"
"230","Maharashtra","KALYAN VAIJINATHRAO KALE (2024-2029)","Elected MP","147000000"
"231","Assam","KAMAKHYA PRASAD TASA (2024-2029)","Elected MP","147000000"
"232","Delhi","Kamaljeet Sehrawat (2024-2029)","Elected MP","147000000"
"233","Chhattisgarh","KAMLESH JANGDE (2024-2029)","Elected MP","150384382.11"
"234","Uttar Pradesh","Kamlesh Paswan (2024-2029)","Elected MP","147000000"
"235","Himachal Pradesh","Kangana Ranaut (2024-2029)","Elected MP","147000000"
"236","Tamil Nadu","Kani K Navas (2024-2029)","Elected MP","147000000"
"237","Tamil Nadu","Kanimozhi Karunanidhi (2024-2029)","Elected MP","147000000"
"238","Uttar Pradesh","KANWAR SINGH TANWAR (2024-2029)","Elected MP","147000000"
"239","Uttar Pradesh","KARAN BHUSHAN SINGH (2024-2029)","Elected MP","147000000"
"240","West Bengal","KARTICK CHANDRA PAUL (2024-2029)","Elected MP","202677986.56"
"241","Bihar","Kaushalendra Kumar (2024-2029)","Elected MP","147000000"
"242","West Bengal","Khagen Murmu (2024-2029)","Elected MP","147000000"
"243","West Bengal","Khalilur Rahaman  (2024-2029)","Elected MP","147000000"
"244","Andhra Pradesh","Kinjarapu Ram Mohan Naidu (2024-2029)","Elected MP","171200630.11"
"245","Arunachal Pradesh","Kiren Rijiju (2024-2029)","Elected MP","147000000"
"246","Uttar Pradesh","Kirti Vardhan Singh (2024-2029)","Elected MP","147000000"
"247","Telangana","Kishan Reddy Gangapuram (2024-2029)","Elected MP","147000000"
"248","Uttar Pradesh","KISHORI LAL (2024-2029)","Elected MP","171500000"
"249","Telangana","KONDA VISHWESHWAR REDDY (2024-2029)","Elected MP","233721420.96"
"250","Karnataka","KOTA SRINIVAS POOJARY (2024-2029)","Elected MP","151126112.11"
"251","Assam","Kripanath Mallah (2024-2029)","Elected MP","147000000"
"252","Haryana","Krishan Pal Gurjar (2024-2029)","Elected MP","147000000"
"253","Uttar Pradesh","KRISHNA DEVI SHIVSHANKER PATEL (2024-2029)","Elected MP","147000000"
"254","Andhra Pradesh","Krishna Prasad Tenneti (2024-2029)","Elected MP","167796849.11"
"255","Tripura","KRITI DEVI DEBBARMAN (2024-2029)","Elected MP","147000000"
"256","Rajasthan","KULDEEP INDORA (2024-2029)","Elected MP","147000000"
"257","Telangana","KUNDURU RAGHUVEER (2024-2029)","Elected MP","162952022"
"258","Uttar Pradesh","LALJI VERMA (2024-2029)","Elected MP","147000000"
"259","Andhra Pradesh","Lavu Sri Krishna Devarayalu (2024-2029)","Elected MP","174009663.11"
"260","Uttar Pradesh","LAXMIKANT PAPPU NISHAD (2024-2029)","Elected MP","147000000"
"261","Bihar","LOVELY ANAND (2024-2029)","Elected MP","147000000"
"262","Rajasthan","LUMBARAM (2024-2029)","Elected MP","147000000"
"263","Karnataka","M. MALLESH BABU (2024-2029)","Elected MP","147065957.11"
"264","Tamil Nadu","M.K. VISHNUPRASAD (2024-2029)","Elected MP","147000000"
"265","Andhra Pradesh","Maddila Gurumoorthy (2024-2029)","Elected MP","180399007"
"266","Telangana","MADHAVANENI RAGHUNANDAN RAO (2024-2029)","Elected MP","147000000"
"267","Andhra Pradesh","Magunta Sreenivasulu Reddy (2024-2029)","Elected MP","147000000"
"268","Madhya Pradesh","Mahendra Singh Solanky (2024-2029)","Elected MP","147000000"
"269","Chhattisgarh","MAHESH KASHYAP (2024-2029)","Elected MP","147000000"
"270","Uttar Pradesh","Mahesh Sharma (2024-2029)","Elected MP","148816284.11"
"271","Rajasthan","MAHIMA KUMARI MEWAR (2024-2029)","Elected MP","183892143"
"272","Uttarakhand","Mala Rajya Laxmi Shah  (2024-2029)","Elected MP","147000000"
"273","West Bengal","Mala Roy  (2024-2029)","Elected MP","147000000"
"274","Tamil Nadu","MALAIYARASAN D (2024-2029)","Elected MP","201599593"
"275","Odisha","MALVIKA DEVI (2024-2029)","Elected MP","147000000"
"276","Punjab","MALVINDER SINGH KANG (2024-2029)","Elected MP","147000000"
"277","Tamil Nadu","MANI. A. (2024-2029)","Elected MP","164515071.11"
"278","Tamil Nadu","Manickam Tagore B (2024-2029)","Elected MP","147000000"
"279","Jharkhand","MANISH JAISWAL (2024-2029)","Elected MP","147000000"
"280","Chandigarh","MANISH TEWARI (2024-2029)","Elected MP","178351443.75"
"281","Rajasthan","MANJU SHARMA (2024-2029)","Elected MP","167082901.11"
"282","Rajasthan","MANNA LAL RAWAT (2024-2029)","Elected MP","147000000"
"283","Haryana","MANOHAR LAL (2024-2029)","Elected MP","147000000"
"284","Bihar","MANOJ KUMAR (2024-2029)","Elected MP","147000000"
"285","West Bengal","MANOJ TIGGA (2024-2029)","Elected MP","147000000"
"286","Delhi","Manoj Tiwari (2024-2029)","Elected MP","225843858"
"287","Gujarat","Mansukhbhai Dhanjibhai Vasava (2024-2029)","Elected MP","147000000"
"288","Jammu And Kashmir","MIAN ALTAF AHMAD (2024-2029)","Elected MP","147000000"
"289","Andhra Pradesh","Midhun Reddy (2024-2029)","Elected MP","178951477.11"
"290","Bihar","MISHA BHARTI (2024-2029)","Elected MP","147000000"
"291","Gujarat","Mitesh Rameshbhai Bakabhai Patel (2024-2029)","Elected MP","147000000"
"292","Ladakh","Mohamed Haneefa (2024-2029)","Elected MP","161114542"
"293","Uttar Pradesh","MOHIBBULLAH (2024-2029)","Elected MP","147000000"
"294","Maharashtra","MOHITE PATIL DHAIRYASHEEL RAJSINH (2024-2029)","Elected MP","195613601.7"
"295","Bihar","Mr Gopal Jee Thakur (2024-2029)","Elected MP","147000000"
"296","West Bengal","Ms Mahua Moitra (2024-2029)","Elected MP","159865046"
"297","Lakshadweep","MUHAMMED HAMDULLAH SAYEED (2024-2029)","Elected MP","153942460.41"
"298","Uttar Pradesh","Mukesh Rajput (2024-2029)","Elected MP","147000000"
"299","Gujarat","MUKESHKUMAR CHANDRAKAANT DALAL (2024-2029)","Elected MP","147000000"
"300","Rajasthan","MURARI LAL MEENA (2024-2029)","Elected MP","147000000"
"301","Tamil Nadu","MURASOLI S (2024-2029)","Elected MP","147000000"
"302","Maharashtra","MURLIDHAR MOHOL (2024-2029)","Elected MP","147000000"
"303","Odisha","NABA CHARAN MAJHI (2024-2029)","Elected MP","147563957.11"
"304","Jharkhand","NALIN SOREN (2024-2029)","Elected MP","147364097.11"
"305","Uttar Pradesh","NARAYAN DAS AHIRWAR (2024-2029)","Elected MP","147000000"
"306","Maharashtra","NARAYAN TATU RANE (2024-2029)","Elected MP","147000000"
"307","Uttar Pradesh","NARESH CHANDRA UTTAM PATEL (2024-2029)","Elected MP","147000000"
"308","Maharashtra","NARESH GANPAT MHASKE (2024-2029)","Elected MP","147000000"
"309","Haryana","NAVEEN JINDAL (2024-2029)","Elected MP","147000000"
"310","Uttar Pradesh","NEERAJ MAURYA (2024-2029)","Elected MP","147000000"
"311","Maharashtra","NILESH DNYANDEV LANKE (2024-2029)","Elected MP","147000000"
"312","Gujarat","NIMUBEN JAYANTIBHAI BAMBHANIYA (2024-2029)","Elected MP","147000000"
"313","Jharkhand","Nishikant Dubey (2024-2029)","Elected MP","147000000"
"314","Maharashtra","Nitin Jairam Gadkari (2024-2029)","Elected MP","168195086.11"
"315","Bihar","Nityanand Rai (2024-2029)","Elected MP","147000000"
"316","Rajasthan","Om Birla (2024-2029)","Elected MP","163906956.6"
"317","Maharashtra","Omprakash Bhupalsinh Alias Pawan Rajenimbalkar (2024-2029)","Elected MP","184758519.11"
"318","Karnataka","P C Mohan (2024-2029)","Elected MP","159995711.11"
"319","Uttar Pradesh","Pankaj Chowdhary (2024-2029)","Elected MP","147000000"
"320","Assam","PARIMAL SUKLABAIDYA (2024-2029)","Elected MP","148300157.11"
"321","Gujarat","PARSHOTTAMBHAI RUPALA (2024-2029)","Elected MP","147000000"
"322","West Bengal","PARTHA BHOWMICK (2024-2029)","Elected MP","147000000"
"323","Karnataka","Parvatagouda Chandanagouda Gaddigoudar (2024-2029)","Elected MP","167541747.11"
"324","The Dadra And Nagar Haveli And Daman And Diu","PATEL UMESHBHAI BABUBHAI (2024-2029)","Elected MP","245063957"
"325","West Bengal","PATHAN YUSUF (2024-2029)","Elected MP","147000000"
"326","Assam","PHANI BHUSAN CHOUDHURY (2024-2029)","Elected MP","147000000"
"327","Maharashtra","Piyush Vedprakash Goyal (2024-2029)","Elected MP","147000000"
"328","Andhra Pradesh","PRABHAKAR REDDY VEMIREDDY (2024-2029)","Elected MP","147000000"
"329","Gujarat","Prabhubhai Nagarbhai Vasava (2024-2029)","Elected MP","147000000"
"330","Assam","Pradan Baruah (2024-2029)","Elected MP","147000000"
"331","Bihar","Pradeep Kumar Singh (2024-2029)","Elected MP","147000000"
"332","Odisha","PRADEEP PUROHIT (2024-2029)","Elected MP","147000000"
"333","Assam","Pradyut Bordoloi (2024-2029)","Elected MP","98000000"
"334","Karnataka","Pralhad Venkatesh Joshi (2024-2029)","Elected MP","154968555.11"
"335","Maharashtra","PRANITI SUSHILKUMAR SHINDE (2024-2029)","Elected MP","147000000"
"336","West Bengal","Prasun Banerjee (2024-2029)","Elected MP","147000000"
"337","Odisha","Pratap Chandra Sarangi (2024-2029)","Elected MP","147064254.11"
"338","Maharashtra","Prataprao Jadhav (2024-2029)","Elected MP","147000000"
"339","West Bengal","Pratima Mondal  (2024-2029)","Elected MP","147000000"
"340","Delhi","Praveen Khandelwal (2024-2029)","Elected MP","147470276"
"341","Uttar Pradesh","PRAVEEN PATEL (2024-2029)","Elected MP","151559884.09"
"342","Uttar Pradesh","PRIYA SAROJ (2024-2029)","Elected MP","147000000"
"343","Kerala","Priyanka Gandhi Vadra (2024-2029)","Elected MP","122500000"
"344","Karnataka","PRIYANKA SATISH JARKIHOLI (2024-2029)","Elected MP","147000000"
"345","West Bengal","Prof Sougata Ray (2024-2029)","Elected MP","147000000"
"346","Uttar Pradesh","Prof SP Singh Baghel (2024-2029)","Elected MP","147000000"
"347","Uttar Pradesh","PUSHPENDRA SAROJ (2024-2029)","Elected MP","147000000"
"348","Andhra Pradesh","Putta Mahesh Kumar (2024-2029)","Elected MP","147000000"
"349","Uttar Pradesh","R.K. CHAUDHARY (2024-2029)","Elected MP","147000000"
"350","Odisha","RABINDRA NARAYAN BEHERA (2024-2029)","Elected MP","147064617.11"
"351","West Bengal","RACHNA BANERJEE (2024-2029)","Elected MP","147000000"
"352","Bihar","Radha Mohan Singh (2024-2029)","Elected MP","147000000"
"353","Karnataka","RADHAKRISHNA (2024-2029)","Elected MP","147000000"
"354","Chhattisgarh","RADHE SHYAM RATHIYA (2024-2029)","Elected MP","159706972.09"
"355","Uttar Pradesh","RAHUL GANDHI (2024-2029)","Elected MP","147000000"
"356","Rajasthan","Rahul Kaswan (2024-2029)","Elected MP","147000000"
"357","Madhya Pradesh","RAHUL SINGH LODHI (2024-2029)","Elected MP","163058785.37"
"358","Bihar","RAJ BHUSHAN CHOUDHARY (2024-2029)","Elected MP","147000000"
"359","Rajasthan","RAJ KUMAR ROAT (2024-2029)","Elected MP","147000000"
"360","Bihar","RAJA RAM SINGH (2024-2029)","Elected MP","147000000"
"361","Maharashtra","RAJABHAU (2024-2029)","Elected MP","152878682.11"
"362","Himachal Pradesh","RAJEEV BHARDWAJ (2024-2029)","Elected MP","179388967.11"
"363","Uttar Pradesh","RAJEEV RAI (2024-2029)","Elected MP","147000000"
"364","Bihar","RAJESH RANJAN ALIAS PAPPU YADAV (2024-2029)","Elected MP","147000000"
"365","Bihar","RAJESH VERMA (2024-2029)","Elected MP","147000000"
"366","Gujarat","Rajeshbhai Naranbhai Chudasama (2024-2029)","Elected MP","147000000"
"367","Bihar","Rajiv Pratap Rudy (2024-2029)","Elected MP","147000000"
"368","Bihar","Rajiv Ranjan (Lalan) Singh (2024-2029)","Elected MP","147000000"
"369","Uttar Pradesh","Rajkumar Chahar  (2024-2029)","Elected MP","147000000"
"370","Uttar Pradesh","Rajnath Singh (2024-2029)","Elected MP","154808797.11"
"371","Gujarat","RAJPALSINH MAHENDRASINH JADAV (2024-2029)","Elected MP","147000000"
"372","West Bengal","Raju Bista (2024-2029)","Elected MP","147000000"
"373","Uttar Pradesh","RAKESH RATHOR (2024-2029)","Elected MP","147000000"
"374","Assam","RAKIBUL HUSSAIN (2024-2029)","Elected MP","147000000"
"375","Uttar Pradesh","RAM PRASAD CHAUDHARY (2024-2029)","Elected MP","204176957.11"
"376","Uttar Pradesh","Ram Shiromani (2024-2029)","Elected MP","151746878.11"
"377","Telangana","RAMASAHAYAM RAGHURAM REDDY (2024-2029)","Elected MP","147000000"
"378","Uttar Pradesh","RAMASHANKAR RAJBHAR (2024-2029)","Elected MP","160056927.07"
"379","Uttar Pradesh","RAMBHUAL NISHAD (2024-2029)","Elected MP","151231957.11"
"380","Uttar Pradesh","RAMESH AWASTHI (2024-2029)","Elected MP","147000000"
"381","Karnataka","Ramesh Chandappa Jigajinagi (2024-2029)","Elected MP","269500000"
"382","Bihar","Ramprit Mandal (2024-2029)","Elected MP","147000000"
"383","Delhi","Ramvir Singh Bidhuri (2024-2029)","Elected MP","147559100"
"384","Assam","RANJIT DUTTA (2024-2029)","Elected MP","147000000"
"385","Haryana","Rao Inderjit Singh (2024-2029)","Elected MP","147000000"
"386","Rajasthan","Rao Rajendra Singh (2024-2029)","Elected MP","147000000"
"387","Bihar","Ravi Shankar Prasad (2024-2029)","Elected MP","147000000"
"388","Maharashtra","RAVINDRA DATTARAM WAIKAR (2024-2029)","Elected MP","147000000"
"389","Uttar Pradesh","Ravindra Shyamnarayan Alias Ravi Kishan Shukla (2024-2029)","Elected MP","147000000"
"390","Maharashtra","Ravindra Vasantrao Chavan (2024-2029)","Elected MP","147000000"
"391","Mizoram","RICHARD VANLALHMANGAIHA (2024-2029)","Elected MP","147000000"
"392","Tamil Nadu","ROBERT BRUCE C (2024-2029)","Elected MP","147475440.11"
"393","Madhya Pradesh","Rodmal Nagar  (2024-2029)","Elected MP","147000000"
"394","Chhattisgarh","ROOP KUMARI CHOUDHARY (2024-2029)","Elected MP","153035414"
"395","Uttar Pradesh","RUCHI VIRA (2024-2029)","Elected MP","147000000"
"396","Odisha","RUDRA NARAYAN PANY (2024-2029)","Elected MP","155013957.11"
"397","Nagaland","S SUPONGMEREN JAMIR (2024-2029)","Elected MP","147000000"
"398","Tamil Nadu","S Venkatesan (2024-2029)","Elected MP","147000000"
"399","Tamil Nadu","S. Jagathrakshakan (2024-2029)","Elected MP","180589332.34"
"400","Tamil Nadu","SACHITHANANTHAM R (2024-2029)","Elected MP","147000000"
"401","Karnataka","SAGAR ESHWAR KHANDRE (2024-2029)","Elected MP","147000000"
"402","Meghalaya","SALENG A SANGMA (2024-2029)","Elected MP","147000000"
"403","Odisha","SAMBIT PATRA (2024-2029)","Elected MP","147000000"
"404","Uttar Pradesh","SANATAN PANDEY (2024-2029)","Elected MP","180420041.4"
"405","Maharashtra","SANJAY DINA PATIL (2024-2029)","Elected MP","147000000"
"406","Maharashtra","Sanjay Haribhau Jadhav (2024-2029)","Elected MP","147000000"
"407","Bihar","Sanjay Jaiswal (2024-2029)","Elected MP","147000000"
"408","Telangana","Sanjay Kumar Bandi (2024-2029)","Elected MP","172775317.11"
"409","Jharkhand","Sanjay Seth  (2024-2029)","Elected MP","147064357.11"
"410","Maharashtra","Sanjay Uttamrao Deshmukh (2024-2029)","Elected MP","185640423"
"411","Rajasthan","SANJNA JATAV (2024-2029)","Elected MP","147000000"
"412","Chhattisgarh","Santosh Pandey (2024-2029)","Elected MP","147000000"
"413","Odisha","Saptagiri Sankar Ulaka (2024-2029)","Elected MP","269500000"
"414","Punjab","SARABJEET SINGH KHALSA (2024-2029)","Elected MP","150850348.15"
"415","Tamil Nadu","Sasikanth Senthil (2024-2029)","Elected MP","171500000"
"416","Haryana","SATPAL BRAHAMCHARI (2024-2029)","Elected MP","147000000"
"417","West Bengal","Saumitra khan  (2024-2029)","Elected MP","147000000"
"418","Madhya Pradesh","SAVITRI THAKUR (2024-2029)","Elected MP","147000000"
"419","West Bengal","SAYANI GHOSH (2024-2029)","Elected MP","147000000"
"420","Haryana","SELJA (2024-2029)","Elected MP","147000000"
"421","Tamil Nadu","SELVAGANAPATHI T M (2024-2029)","Elected MP","147000000"
"422","Tamil Nadu","SELVARAJ V (2024-2029)","Elected MP","147000000"
"423","Kerala","SHAFI PARAMBIL (2024-2029)","Elected MP","147000000"
"424","Bihar","SHAMBHAVI (2024-2029)","Elected MP","147000000"
"425","Madhya Pradesh","Shankar Lalwani (2024-2029)","Elected MP","147000000"
"426","Uttar Pradesh","SHASHANK MANI (2024-2029)","Elected MP","147000000"
"427","West Bengal","Shatrughan Sinha (2024-2029)","Elected MP","147000000"
"428","Punjab","SHER SINGH GHUBAYA (2024-2029)","Elected MP","147000000"
"429","Madhya Pradesh","SHIVMANGAL SINGH TOMAR (2024-2029)","Elected MP","147000000"
"430","Madhya Pradesh","SHIVRAJ SINGH CHOUHAN (2024-2029)","Elected MP","147000000"
"431","Karnataka","SHOBHA KARANDLAJE (2024-2029)","Elected MP","147000000"
"432","Gujarat","SHOBHANABEN MAHENDRASINH BARAIYA (2024-2029)","Elected MP","147000000"
"433","Karnataka","SHREYAS. M. PATEL (2024-2029)","Elected MP","147000000"
"434","Haryana","Shri  Dharambir Singh (2024-2029)","Elected MP","147000000"
"435","West Bengal","Shri Abhishek Banerjee (2024-2029)","Elected MP","147000000"
"436","Punjab","Shri Amar Singh (2024-2029)","Elected MP","147000000"
"437","Gujarat","Shri Amit Shah (2024-2029)","Elected MP","147000000"
"438","Madhya Pradesh","Shri Anil Firojiya (2024-2029)","Elected MP","147000000"
"439","Rajasthan","Shri Arjun Ram Meghwal (2024-2029)","Elected MP","147000000"
"440","Uttar Pradesh","Shri Arun Kumar Sagar  (2024-2029)","Elected MP","147000000"
"441","Karnataka","Shri B Y Raghavendra  (2024-2029)","Elected MP","147000000"
"442","Kerala","Shri Benny Behanan (2024-2029)","Elected MP","164674770.11"
"443","Odisha","Shri Bhartruhari Mahtab (2024-2029)","Elected MP","147000000"
"444","Jharkhand","Shri Chandra Prakash Choudhary (2024-2029)","Elected MP","147000000"
"445","West Bengal","Shri Deepak (Dev) Adhikari  (2024-2029)","Elected MP","200747364"
"446","Punjab","Shri Gurjeet Singh Aujla (2024-2029)","Elected MP","147000000"
"447","Rajasthan","Shri Hanuman Beniwal (2024-2029)","Elected MP","147000000"
"448","Kerala","Shri Hibi Eden (2024-2029)","Elected MP","162177260.11"
"449","Bihar","Shri Janardan Singh Sigriwal  (2024-2029)","Elected MP","147000000"
"450","Odisha","Shri Jual Oram (2024-2029)","Elected MP","173096756.91"
"451","Jammu And Kashmir","Shri Jugal Kishore Sharma (2024-2029)","Elected MP","147000000"
"452","West Bengal","Shri Jyotirmay Singh Mahato  (2024-2029)","Elected MP","147000000"
"453","Tamil Nadu","Shri Karti P Chidambaram  (2024-2029)","Elected MP","159049284.11"
"454","Kerala","Shri Kumbakudi Sudhakaran (2024-2029)","Elected MP","147000000"
"455","Karnataka","Shri LS Tejasvi Surya  (2024-2029)","Elected MP","147000000"
"456","Kerala","Shri M K Raghavan (2024-2029)","Elected MP","147000000"
"457","Uttar Pradesh","Shri Narendra Modi (2024-2029)","Elected MP","162070276.11"
"458","Kerala","Shri NK Premachandran (2024-2029)","Elected MP","171477994.11"
"459","Rajasthan","Shri PP Chaudhary (2024-2029)","Elected MP","147000000"
"460","Kerala","Shri Rajmohan Unnithan  (2024-2029)","Elected MP","156754633.11"
"461","Assam","Shri Sarbananda Sonowal (18LS) (2024-2029)","Elected MP","147000000"
"462","Uttar Pradesh","Shri Satish Kumar Gautam  (2024-2029)","Elected MP","147000000"
"463","West Bengal","Shri Shantanu Thakur  (2024-2029)","Elected MP","147000000"
"464","Madhya Pradesh","Shri Sudheer Gupta  (2024-2029)","Elected MP","148988014.83"
"465","Kerala","Shri Suresh Kodikunnil (2024-2029)","Elected MP","172429519.11"
"466","Arunachal Pradesh","Shri Tapir Gao (2024-2029)","Elected MP","147000000"
"467","Tamil Nadu","Shri vijayakumar Vasanth (2024-2029)","Elected MP","171500000"
"468","Maharashtra","Shrikant Eknath Shinde (2024-2029)","Elected MP","147000000"
"469","Maharashtra","SHRIMANT CHH UDAYANRAJE PRATAPSINHAMAHARAJ BHONSLE (2024-2029)","Elected MP","147000000"
"470","Goa","Shripad Yesso Naik (2024-2029)","Elected MP","147000000"
"471","Maharashtra","Shrirang Appa Barne (2024-2029)","Elected MP","147000000"
"472","Maharashtra","Shyamkumar (2024-2029)","Elected MP","147000000"
"473","Andhra Pradesh","Sivanath Kesineni (2024-2029)","Elected MP","159864032.49"
"474","West Bengal","SK NURUL ISLAM (2024-2029)","Elected MP","49000000"
"475","Maharashtra","SMITA UDAY WAGH (2024-2029)","Elected MP","148107373.11"
"476","Uttar Pradesh","Smt Anupriya Patel (2024-2029)","Elected MP","147000000"
"477","Odisha","Smt Aparajita Sarangi (2024-2029)","Elected MP","147420861.41"
"478","Uttar Pradesh","Smt Dimple Yadav (2024-2029)","Elected MP","192042469.11"
"479","Punjab","Smt Harsimrat Kaur Badal (2024-2029)","Elected MP","159775982.39"
"480","Uttar Pradesh","Smt Hema Malini (2024-2029)","Elected MP","147000000"
"481","Madhya Pradesh","Smt Himadri Singh (2024-2029)","Elected MP","150724861.11"
"482","Gujarat","Smt Poonamben Hematbhai Maadam (2024-2029)","Elected MP","147000000"
"483","Maharashtra","Smt Raksha Nikhil Khadse (2024-2029)","Elected MP","153112586.11"
"484","Tamil Nadu","Smt S Jothimani (2024-2029)","Elected MP","147000000"
"485","West Bengal","Smt Sajda Ahmed (2024-2029)","Elected MP","147000000"
"486","Madhya Pradesh","Smt Sandhya Ray (2024-2029)","Elected MP","147000000"
"487","Odisha","Smt Sangeeta Kumari Singh Deo (2024-2029)","Elected MP","147000000"
"488","West Bengal","Smt Satabdi Roy (Banerjee) (2024-2029)","Elected MP","147000000"
"489","Maharashtra","Smt Supriya Sadanand Sule (2024-2029)","Elected MP","147000000"
"490","Bihar","Smt Veena Devi  (2024-2029)","Elected MP","147000000"
"491","Andhra Pradesh","Sribharat MathuKumli (2024-2029)","Elected MP","164841922"
"492","Bihar","SUDAMA PRASAD (2024-2029)","Elected MP","147000000"
"493","Tamil Nadu","SUDHA R (2024-2029)","Elected MP","147332315.11"
"494","Bihar","SUDHAKAR SINGH (2024-2029)","Elected MP","185211956.54"
"495","West Bengal","Sudip Bandyopadhyay (2024-2029)","Elected MP","147000000"
"496","Odisha","SUKANTA KUMAR PANIGRAHI (2024-2029)","Elected MP","190712424.11"
"497","Jharkhand","SUKHDEO BHAGAT (2024-2029)","Elected MP","171821957.11"
"498","Punjab","SUKHJINDER SINGH RANDHAWA (2024-2029)","Elected MP","147000000"
"499","Karnataka","SUNIL BOSE (2024-2029)","Elected MP","147000000"
"500","Maharashtra","Sunil Dattatray Tatkare (2024-2029)","Elected MP","147000000"
"501","Bihar","Sunil Kumar  (2024-2029)","Elected MP","147000000"
"502","Bihar","SURENDRA PRASAD YADAV (2024-2029)","Elected MP","155325714"
"503","Kerala","SURESH GOPI (2024-2029)","Elected MP","147000000"
"504","Himachal Pradesh","Suresh Kumar Kashyap (2024-2029)","Elected MP","153563957.11"
"505","Telangana","SURESH KUMAR SHETKAR (2024-2029)","Elected MP","147000000"
"506","Uttar Pradesh","Swami Sachchidanandhari Sakshi ji Maharaj  (2024-2029)","Elected MP","147000000"
"507","Tamil Nadu","T Sumathy (A) Thamizhachi Thangapandian  (2024-2029)","Elected MP","147000000"
"508","Andhra Pradesh","TANGELLA UDAY SRINIVAS (2024-2029)","Elected MP","199417886.76"
"509","Uttar Pradesh","TANUJ PUNIA (2024-2029)","Elected MP","148198170.11"
"510","Bihar","TARIQ ANWAR (2024-2029)","Elected MP","147000000"
"511","Tamil Nadu","Thalikkottai Rajuthevar Baalu (2024-2029)","Elected MP","196905535.11"
"512","Tamil Nadu","THANGA TAMILSELVAN (2024-2029)","Elected MP","167755939.81"
"513","Tamil Nadu","THARANIVENTHAN M S (2024-2029)","Elected MP","168337124.35"
"514","Tamil Nadu","Thiru Dayanidhi Maran (2024-2029)","Elected MP","147000000"
"515","Tamil Nadu","Thirumaa Valavan Thol (2024-2029)","Elected MP","147000000"
"516","Chhattisgarh","TOKHAN SAHU (2024-2029)","Elected MP","147000000"
"517","Uttarakhand","TRIVENDRA SINGH RAWAT (2024-2029)","Elected MP","147000000"
"518","Uttar Pradesh","UJJWAL RAMAN SINGH (2024-2029)","Elected MP","147000000"
"519","Rajasthan","UMMEDA RAM BENIWAL (2024-2029)","Elected MP","147000000"
"520","Uttar Pradesh","UTKARSH VERMA MADHUR (2024-2029)","Elected MP","147000000"
"521","Tamil Nadu","V S Matheswaran (2024-2029)","Elected MP","162539930.11"
"522","Karnataka","V. SOMANNA (2024-2029)","Elected MP","147000000"
"523","Puducherry","Vaithilingam Ve (2024-2029)","Elected MP","209368972.11"
"524","Telangana","VAMSI KRISHNA GADDAM (2024-2029)","Elected MP","148451721.11"
"525","Haryana","VARUN CHAUDHRY (2024-2029)","Elected MP","255454264"
"526","Kerala","Vellalath Kochukrishnan Nair Sreekandan (2024-2029)","Elected MP","167807990.11"
"527","Chhattisgarh","Vijay Baghel (2024-2029)","Elected MP","147000000"
"528","Uttar Pradesh","Vijay Kumar Dubey (2024-2029)","Elected MP","148900000"
"529","Jharkhand","Vijay Kumar Hansdak (2024-2029)","Elected MP","147223957.11"
"530","Bihar","VIJAYLAKSHMI DEVI (2024-2029)","Elected MP","147000000"
"531","Gujarat","Vinod Chavda (2024-2029)","Elected MP","147000000"
"532","Uttar Pradesh","VINOD KUMAR BIND (2024-2029)","Elected MP","147000000"
"533","Madhya Pradesh","Virendra Kumar (2024-2029)","Elected MP","147000000"
"534","Uttar Pradesh","VIRENDRA SINGH (2024-2029)","Elected MP","147000000"
"535","Maharashtra","VISHAL (2024-2029)","Elected MP","147000000"
"536","Jharkhand","Vishnu Dayal Ram (2024-2029)","Elected MP","158176083.11"
"537","Madhya Pradesh","Vishnu Dutt Sharma (2024-2029)","Elected MP","147000000"
"538","Karnataka","VISHWESHWAR HEGDE KAGERI (2024-2029)","Elected MP","147000000"
"539","Bihar","VIVEK THAKUR (2024-2029)","Elected MP","147000000"
"540","Andhra Pradesh","Y S Avinash Reddy (2024-2029)","Elected MP","156430260.11"
"541","Karnataka","YADUVEER KRISHNADATTA CHAMARAJA WADIYAR (2024-2029)","Elected MP","147000000"
"542","Delhi","Yogendra Chandoliya (2024-2029)","Elected MP","147876307"
"543","Uttar Pradesh","ZIA UR REHMAN (2024-2029)","Elected MP","147000000"
"Grand Total"," "," "," ","83,35,20,84,246.34"
